[
  {
    "name": "snub",
    "range": 15,
    "long-range": 40,
    "weight": 1,
    "cost": 15,
    "special": []
  },
  {
    "name": "short",
    "range": 30,
    "long-range": 60,
    "weight": 2,
    "cost": 20,
    "special": []
  },
  {
    "name": "standard",
    "range": 60,
    "long-range": 120,
    "weight": 4,
    "cost": 40,
    "special": []
  },
  {
    "name": "long",
    "range": 70,
    "long-range": 200,
    "weight": 6,
    "cost": 80,
    "special": []
  },
  {
    "name": "pole",
    "range": 100,
    "long-range": 400,
    "weight": 8,
    "cost": 150,
    "special": [
      "bayonet attacks have the reach property"
    ]
  }
]