[
  {
    "name": "pistol",
    "damage-die": 10,
    "dice": 1,
    "weight-mod": 0.5,
    "simple-ammo": "musketballs",
    "martial-ammo": "pistol cartridges",
    "properties": []
  },
  {
    "name": "rifle",
    "damage-die": 6,
    "dice": 2,
    "weight-mod": 1,
    "simple-ammo": "musketballs",
    "martial-ammo": "rifle cartridges",
    "properties": [
      "two-handed"
    ]
  },
  {
    "name": "blunderbuss",
    "damage-die": 8,
    "dice": 2,
    "weight-mod": 1,
    "simple-ammo": "blunderbuss shots",
    "martial-ammo": "shotgun shells",
    "properties": [
      "two-handed",
      "range 0.75x"
    ]
  },
  {
    "name": "hand-cannon",
    "damage-die": 12,
    "dice": 2,
    "weight-mod": 6,
    "simple-ammo": "hand-cannonballs",
    "martial-ammo": null,
    "properties": [
      "two-handed",
      "heavy",
      "no long range"
    ]
  },
  {
    "name": "crank gun",
    "damage-die": 10,
    "dice": 1,
    "weight-mod": 10,
    "simple-ammo": null,
    "martial-ammo": "crank gun belts",
    "properties": [
      "must be cylinder-action",
      "heavy",
      "two-handed"
    ]
  }
]