[
  {
    "name": "cedar",
    "weight": 3,
    "weight-limit": 10,
    "cost": 50
  },
  {
    "name": "pine",
    "weight": 3,
    "weight-limit": 20,
    "cost": 70
  },
  {
    "name": "cherry",
    "weight": 4,
    "weight-limit": 30,
    "cost": 85
  },
  {
    "name": "mahogany",
    "weight": 5,
    "weight-limit": 40,
    "cost": 100
  },
  {
    "name": "walnut",
    "weight": 6,
    "weight-limit": 50,
    "cost": 125
  },
  {
    "name": "oak",
    "weight": 8,
    "weight-limit": 60,
    "cost": 140
  },
  {
    "name": "hickory",
    "weight": 6,
    "weight-limit": 70,
    "cost": 210
  },
  {
    "name": "iron",
    "weight": 9,
    "weight-limit": 100,
    "cost": 180
  },
  {
    "name": "steel",
    "weight": 8,
    "weight-limit": 120,
    "cost": 250
  },
  {
    "name": "mithral",
    "weight": 5,
    "weight-limit": 130,
    "cost": 5000
  },
  {
    "name": "adamantine",
    "weight": 18,
    "weight-limit": 200,
    "cost": 2000
  },
  {
    "name": "mechanus-forged copper",
    "weight": 8,
    "weight-limit": 9999999999999,
    "cost": 10000
  }
]