[
  {
    "name": "matchlock",
    "weapon-type": 0,
    "cost-mod": 1,
    "mag-size": 1,
    "reload-time": "1 action",
    "special": [
      "fires at the end of the round, may change target with disadvantage",
      "cannot fire underwater or in heavy rain"
    ]
  },
  {
    "name": "flintlock",
    "weapon-type": 0,
    "cost-mod": 1.5,
    "mag-size": 1,
    "reload-time": "1 action",
    "special": [
      "cannot fire underwater"
    ]
  },
  {
    "name": "break-action",
    "weapon-type": 1,
    "cost-mod": 2,
    "mag-size": 0,
    "reload-time": "1 action or 2 bonus actions",
    "special": []
  },
  {
    "name": "bolt-action",
    "weapon-type": 1,
    "cost-mod": 3,
    "mag-size": 5,
    "reload-time": "1 action",
    "special": [
      "reload equal to proficiency bonus",
      "loading"
    ]
  },
  {
    "name": "lever-action, small",
    "weapon-type": 1,
    "cost-mod": 4,
    "mag-size": 6,
    "reload-time": "1 action",
    "special": [
      "reload equal to proficiency bonus + 1"
    ]
  },
  {
    "name": "lever-action, medium",
    "weapon-type": 1,
    "cost-mod": 5,
    "mag-size": 9,
    "reload-time": "1 action",
    "special": [
      "reload equal to proficiency bonus + 1"
    ]
  },
  {
    "name": "lever-action, large",
    "weapon-type": 1,
    "cost-mod": 6,
    "mag-size": 12,
    "reload-time": "1 action",
    "special": [
      "reload equal to proficiency bonus + 1"
    ]
  },
  {
    "name": "cylinder-action",
    "weapon-type": 1,
    "cost-mod": 6,
    "mag-size": 6,
    "reload-time": "1 action",
    "special": [
      "reload equal to proficiency bonus - 1"
    ]
  }
]