[
  {
    "name": "no",
    "normal-boost": 0,
    "long-boost": -3,
    "weight": 0,
    "cost": 0,
    "special": [
      "No disadvantage to attack rolls against creatures within 5ft."
    ]
  },
  {
    "name": "short",
    "normal-boost": 1,
    "long-boost": -2,
    "weight": 2,
    "cost": 10,
    "special": []
  },
  {
    "name": "standard",
    "normal-boost": 0,
    "long-boost": 0,
    "weight": 3,
    "cost": 15,
    "special": []
  },
  {
    "name": "wide",
    "normal-boost": -2,
    "long-boost": 1,
    "weight": 4,
    "cost": 25,
    "special": []
  },
  {
    "name": "hydraulic",
    "normal-boost": 0,
    "long-boost": 0,
    "weight": 8,
    "cost": 350,
    "special": [
      "+1 to attack rolls for every consecutive attack made on the same turn."
    ]
  }
]